Comment,Designator,Footprint,LCSC Part #
SS34,"D1,D3,D4",D_SMA,C8678
SMBJ15A,D2,D_SMB,C19077569
green (servo rail live),D5,LED_0603_1608Metric,C965804
AO3400,"Q1,Q2,Q3",SOT-23,C20917
1k,"R1,R8,R15",R_0603_1608Metric,C21190
100R,"R3,R5",R_0603_1608Metric,C22775
10k,"R4,R6,R9,R16,R17",R_0603_1608Metric,C25804
3k9,"R10,R11",R_0603_1608Metric,C23018
100k,"R12,R13",R_0603_1608Metric,C25803
15k,R14,R_0603_1608Metric,C22809
74AHCT1G125,U6,SOT-353_SC-70-5,C350557
M24C32-RMN6TP,U7,SOIC-8_3.9x4.9mm_P1.27mm,C79920
