Designator,Mid X,Mid Y,Layer,Rotation
C7,138.6750mm,-88.3250mm,Top,90
C8,116.6750mm,-63.5250mm,Top,90
D1,101.0450mm,-73.7950mm,Top,0
D2,99.8950mm,-103.2950mm,Top,0
D3,149.0450mm,-84.2950mm,Top,0
D4,149.0450mm,-88.2950mm,Top,0
D5,101.7250mm,-92.2750mm,Top,0
Q1,142.9750mm,-84.2450mm,Top,180
Q2,142.9750mm,-88.2450mm,Top,180
Q3,132.2750mm,-88.5450mm,Top,180
R1,123.7250mm,-95.0750mm,Top,0
R3,142.5250mm,-91.8750mm,Top,0
R4,142.5250mm,-95.0750mm,Top,0
R5,147.5250mm,-91.8750mm,Top,0
R6,147.5250mm,-95.0750mm,Top,0
R8,130.1250mm,-93.2750mm,Top,0
R9,133.3250mm,-93.2750mm,Top,0
R10,110.7750mm,-72.0250mm,Top,90
R11,112.7750mm,-72.0250mm,Top,90
R12,114.7750mm,-72.0250mm,Top,90
R13,136.5250mm,-93.2750mm,Top,0
R14,120.5250mm,-95.0750mm,Top,0
R15,104.8250mm,-92.2750mm,Top,0
R16,101.7250mm,-94.0750mm,Top,0
R17,104.8250mm,-94.0750mm,Top,0
U6,136.1450mm,-88.2450mm,Top,180
U7,112.7450mm,-65.7450mm,Top,0
