Designator,Value,Package,Mid X (mm),Mid Y (mm),Rotation,Layer
D1,SS34,D_SMA,101.045000,-73.795000,0.000000,Top
D2,SMBJ15A,D_SMB,99.895000,-103.295000,0.000000,Top
D3,SS34,D_SMA,149.045000,-84.295000,0.000000,Top
D4,SS34,D_SMA,149.045000,-88.295000,0.000000,Top
D5,green (servo rail live),LED_0603_1608Metric,101.725000,-92.275000,0.000000,Top
Q1,AO3400,SOT-23,142.975000,-84.245000,0.000000,Top
Q2,AO3400,SOT-23,142.975000,-88.245000,0.000000,Top
Q3,AO3400,SOT-23,132.275000,-88.545000,0.000000,Top
R1,1k,R_0603_1608Metric,123.725000,-95.075000,0.000000,Top
R3,100R,R_0603_1608Metric,142.525000,-91.875000,0.000000,Top
R4,10k,R_0603_1608Metric,142.525000,-95.075000,0.000000,Top
R5,100R,R_0603_1608Metric,147.525000,-91.875000,0.000000,Top
R6,10k,R_0603_1608Metric,147.525000,-95.075000,0.000000,Top
R8,1k,R_0603_1608Metric,130.125000,-93.275000,0.000000,Top
R9,10k,R_0603_1608Metric,133.325000,-93.275000,0.000000,Top
R10,3k9,R_0603_1608Metric,120.525000,-93.275000,0.000000,Top
R11,3k9,R_0603_1608Metric,123.725000,-93.275000,0.000000,Top
R12,100k,R_0603_1608Metric,126.925000,-93.275000,0.000000,Top
R13,100k,R_0603_1608Metric,136.525000,-93.275000,0.000000,Top
R14,15k,R_0603_1608Metric,120.525000,-95.075000,0.000000,Top
R15,1k,R_0603_1608Metric,104.825000,-92.275000,0.000000,Top
R16,10k,R_0603_1608Metric,101.725000,-94.075000,0.000000,Top
R17,10k,R_0603_1608Metric,104.825000,-94.075000,0.000000,Top
U6,74AHCT1G125,SOT-353_SC-70-5,136.145000,-88.245000,0.000000,Top
U7,M24C32-RMN6TP,SOIC-8_3.9x4.9mm_P1.27mm,122.745000,-89.545000,0.000000,Top
